Title,Description,Time,URL,Author
_Ñ___¡___µ___ü„â„Ü__ _À_____¡„Û _Ó_¦_µ_____ü ___È_ü___µ„Û _á_¡_¼„Û„Ü___¡_µ„â „ö_µ„„â„Î „Û_µ„„â__„Û_¡______,_İ_µ___µ___«_¡„Û__„Ü__ _±„Û_ü„â_¡__„_¼_ü__ „â_µ_È_µ___µ_«„Ä„ä_ü__ _ü _À_____¡„Û _Ó_¦_µ_____ü ___È_ü___µ„Û _á_¡_¼„Û„Ü___¡_µ„â __ _Ô„Û_ü„â_¡___ü_ü „ö_µ„„â„Î _ü_á 42 „_____ü„É „Û_µ„„â__„Û_¡______ _ü„â_¡_È„Î„__„_¼____ _¼„Ä„É___ü.,[],http://www.bbc.com,[]
California is backsliding on water conservation. L.A. can't and won't follow suit,the five year drought continues with Los Angeles receiving less than 39 inches of rain over that time period: less than 8 inches annually.,[],http://dlvr.it,['Mark Gold']
Bill Nye is heading to Netflix to take down anti-scientific claims,"Nye first found television fame in the ‰Ûª90s with his weekly children‰Ûªs show on PBS. Now, he‰Ûªs returning to the small screen ‰ÛÓ or, at least, the streaming deviceåÊ‰ÛÓ withåÊBill Nye Saves the World, a NetflixåÊseriesåÊset to debut this spring. ‰ÛÏEach episode will tackle a topic from a scientific point of view,‰Û Nye said in a statement, ‰ÛÏdispelling myths, and refuting anti-scientific claims that may be espoused by politicians, religious leaders, or titans of industry.‰ÛåÊThose ‰Û_",2017-01-06T13:57:43-04:00,http://tinyurl.com,['About The Author']
Primary school allows pupils to wear slippers to improve grades,Pupils at Findern Primary School are among the latest to reap benefits from following the Scandinavian practice of leaving shoes at the door,2017-01-31T12:24:32+00:00,http://ow.ly,['Rachael Pells']
"‰Û÷UK acting as weapons pimp, reaping rewards of Saudi Arabia‰Ûªs dirty work‰Ûª","We know Riyadh has invaded Bahrain to suppress lawful and legal protests that were going on there, and they have also attacked the indigenous of Yemen, the Houthis, Raza Kazim, Islamic Human Rights Commission, told RT.",[],http://fb.me,[]
"Colin Firth, 'gerÌ¤ek' Bay Darcy'ye benzemiyormuÙ","Akademisyenler uzun sÌ_ren Ì¤al€±Ùmalar€±n ard€±ndan, €¡ngiliz edebiyat€±n€±n kÌ_lt roman€± AÙk ve Gurur‰Ûªun Bay Darcy‰Ûªsinin portresini Ì¤izdi.",[],http://dlvr.it,[]
"‰ÛÏI Actually Want To Be Eaten‰Û, Local Cow Hits Back At Vegans","A COUNTY Waterford cow has today slammedåÊvegans for protesting against meat consumption, stating thatåÊit would be an absoluteåÊhonour for her to be slaughtered and then eaten by humans.Jersey (4) said she has been fantasising about ‰Û_",[],http://fb.me,['December -']
SpaceX Rocket Explodes at Launchpad in Cape Canaveral,The fiery blast also destroyed a satellite that Facebook had planned to use to expand internet services in Africa.,[],https://lnkd.in,[]
"Michelle Alexander: White Men Get Rich from Legal Pot, Black Men Stay in Prison","For 40 years, poor communities of color have experienced the wrath of the war on drugs. Ever since Colorado and Washington made the unprecedented move to legalize recreational pot last year, excitement and stories of unfettered success have billowed into the air. Colorado'såÊmarijuana tax revenue far exceeded expectations, bringing a whopping $185 million to the state, and tourists are lining up to taste the budding culture (pun intended). Several other states are now looking to follow suit and legalize.",[],http://fb.me,[]
"Sean Hannity Slams Megyn Kelly, Says She 'Clearly' Supports Clinton | Breitbart","Sean Hannity, who is open about his support for Trump, was responding to a claim made by Kelly that both Trump and Clinton were avoiding interviews with her because she would put them out of their comfort zone. | 2016 Presidential Race",2016-10-05T22:29:17-07:00,http://j.mp,['Breitbart News']
Ben Jammin _Ùà¼_Ùàü on Twitter,"‰ÛÏChelsea Clinton, using her Alias ""Anna James"" says Clinton Foundation employees are frustrated https://t.co/d2GEuEHUwt #podestaemails22‰Û",[],https://twitter.com,[]
Conservatives declare 'huge win' after IRS impeachment delay,"Conservative House lawmakers said Thursday that they achieved ""a huge win"" in a deal to postpone a floor vote to impeach IRS Commissioner John Koskinen.",2016-09-15T17:22:42,http://washex.am,['Graeme Jennings']
_Ù_È_µ___µ___ü„â_ü _È____„ _ü: __¼„ _ü„÷_¡ „_À_¡„_¡___¡„__¡ ___µ„à_µ„â_¡ _ü_á _á_¡___¼_µ,_Ó_µ„_µ„â_____µ„_µ„à____ ___µ„à_µ _ü_á _á_¡___¼_µ _¼__„÷„Ä „„Ä ___¡_À„Û_¡___ü_È_µ _È_______¼„Û_¡_«_ü„ _µ „Ä _„Û„É_¡_____µ_È„_¼__„÷ ___±_È_¡„„â_ü „_À_¡„_ü_È_ü „„Ä _È____„ _ü. _Ù_____È_µ_«_¡„÷„â_µ ___¡ „_È_µ_«_µ„İ_µ__ „___ü___¼„Ä _¼_¡_¼__ „÷_µ „â_µ_¼_È_¡ ___À_µ„Û_¡„ _ü„÷_¡ „_À_¡„_¡___¡„__¡.,[],https://goo.gl,[]
Why you shouldn‰Ûªt work at full capacity,"Working too hard is a recipe for burnout. After the initial praise and recognition fade, can you realistically maintain the bar you‰Ûªve set? Mark Johanson explores",2016-12-22T00:00:00,http://www.bbc.com,['Mark Johanson']
Log In or Sign Up to View,"See posts, photos and more on Facebook.",[],http://fb.me,[]
BUSTED: Rudy Giuliani says he never saw Hillary Clinton in NYC after 9/11 ‰ÛÓ but pictures prove he‰Ûªs lying,"Rudy Giuliani told a bald-faced lie to accuse Hillary Clinton of lying about her response to the 9/11 terrorist attacks. The former New York City mayor delivered the whopper Wednesday afternoon while introducing Donald Trump at a rally in Ocala, Florida. ‰ÛÏDon‰Ûªt tell me if you said that you remember Sept. 11, 2001,‰Û Giuliani said. ‰ÛÏI remember Sept. 11, 2001. Yes, yes, you helped to get benefits for the people who were injured that day. ‰Û_",2016-10-12T13:29:43-04:00,http://fb.me,"['About The Author', 'Travis Gettys']"
¯¨ôö¯¤ôà¯±¯¤ô  ¯_¯¤¯±ôâ ¯ø¯± ¯¤¯»ôö¯¬ôö¯_ ôà¯¤óÎ ¯»ô ¯ø¯±ôö ¯»ôà¯±¯¤ô  ¯ø¯_¯»òøóÎ¯± ¯«¯øô ¯ø,¯ø¯_¯»òøóÎ¯±óÎ ¯øôö ¯¨ôö¯¤ôà¯± ¯_¯¤¯±ôâ ò©ôà ¯ø¯± ¯¤¯»ôö¯¬ôö¯_ ôà¯¤óÎ ¯»ô ¯ø¯±ôö ¯¬óÎ ¯¢¯± ¯»óÎ ¯»ôà¯±¯¤ô  ¯¤¯_ ¯¬¯¤ô ôö¯¤ô  ôÉ¯_¯¤ô¯± ¯_¯±ôâ¯» ôÉóÎ ò©¯±¯øô ¯ø ¯¬¯¤ ôÉôöôôâóÎ¯» ¯¤ô ¯Â¯¤ôÉ ¯«¯ø.,[],http://ht.ly,[]
State Department-Funded Nonprofit That John Kerry Had ‰Û÷No Role‰Ûª In Was Founded In His Home,State Department gave $9 million to the nonprofit,[],http://fb.me,"['Ethan Barton', 'Investigative Reporter']"
"Transforming the Mundane, Everyday Work of Parenting into A Spiritual Practice","While the world's religious texts offer wisdom about love, devotion and sacrifice, they have almost nothing to say about handling the day-to-day challenges raising young kids. This following is an excerpt from the new bookåÊNurture the Wow: Finding Spirituality in the Frustration, Boredom, Tears, Poop, Desperation, Wonder and Radical Amazement of ParentingåÊby",[],http://www.alternet.org,[]
The princess Halloween costume has been dethroned - The Boston Globe,This year‰Ûªs most coveted get-up? Superheroes.,2016-09-27T19:49:00,http://bit.ly,"['Abha Bhattarai', 'The Washington Post']"
"If Pope Francis were right on adultery, the Catholic Church would collapse",Doesn‰Ûªt the pope‰Ûªs blessing of adultery in certain circumstances imply the collapse of almost the entire structure of Catholic sexual morality?,[],http://bit.ly,['David Carlin']
Idaho Planned Parenthood Suing Pro-Life Pregnancy Center Neighbors for Providing Healthcare,"While complaining about pro-lifers denying healthcare access, the abortion giant seeks to deny healthcare access",2016-12-10T14:29:58+00:00,http://bit.ly,"['Kira Davis', 'Posted At Pm On December', 'Brandon Morse', 'Jennifer Van Laar', 'Alex Parker', 'Amelia Hamilton', 'T Laduke']"
¾Ñ´ÇÜ__¥á‹ÎŒ_Ùª¼Š¼Ü¾´_Œ á¬‹âÕ_¼ŒÓ ‹Û‹ÛÎÛÄ‹ö‹âÜ¾ªâ¾ÏÙ‹‹âÜ‹Û,¾Ñ´ÇÜ£_Š_Ï¾äÛ ‹¨¾±Œ_Ù¾¥¾÷___¥á‹ø•_Õ•_Ñ¾Ñ´‹¨¬÷ÛÉŠ___Ü‹¤‹Û¾±_ ‹ÛŠüä±àŒá´¾´_ ‹¬»À¾¥«‹Ñ‹_‹ã‹âÜŒ_Ùª¼‹¨àÄ¾ĞªŠ¼Ü¾´_‹¨µ±Œö‹Ç‹_‹ã‹_‹ÛÎ‹ÄÒ‹âü‹Ä‹â_‹¨_Êá‹âÕÈ_¾üİ‹ª‹âÜ‹Ù‹â‹Ç‹Û‹âü‹Ä¤‹â_‹Ä_‹Äö_ã‹»‹ÄÒ‹âü‹Ä‹â_Œ_¢¾ÉÜ‹Ç‹»‹âÜ‹¨‹¤‹â‹âÎ‹¡‹Û‹‹ ‹ã‹ ¾Ğ_ŒÔ‹¤ÛÄ‹ö‹Ù¾Ğ_‹Î‹ã‹ã‹Û‹¬À¡‹_‹Ûµ±Œö‹ÇŒäŒÔ‹‹»Œ¤ÀŒÜ¢‹âÕ_¼‹Ñ‹Ù‹Ûâ,2016-10-27T11:09:53+00:00,http://dlvr.it,['Reuters Editorial']
Behind the Fortress Deal: A Japanese Billionaire‰Ûªs Huge Ambitions,"The deal to acquire Fortress Investment Group is the latest surprise from SoftBank whose founder, Masayoshi Son, is a fast-moving billionaire who has aspirations of turning the firm into a global behemoth with arms in finance, technology and communications.",[],http://ow.ly,"['Sarah Krouse', 'Liz Hoffman', 'Liz Hoffman Wsj Com']"
Colin Kaepernick's Practice Socks Depict Cops As Pigs,Insulting...,2016-09-02T00:00:00,http://www.westernjournalism.com,"['Scott Kelnhofer', 'Erin Coates', 'Johnathan Jones', 'Randy Desoto', 'Jack Davis']"
"Non-OPEC to cut oil output by 562,000 bpd as part of global deal","Non-OPEC oil producers agreed on Saturday to reduce their output by a combined 562,000 barrels per day as part of a global deal with the Organization of the Petroleum Exporting Countries, two OPEC sources told Reuters.",2016-12-10T14:55:18+00:00,http://reut.rs,"['Reuters Editorial', 'Reuters Staff']"
‰Û÷Secrets of Churchill‰Ûªs War Rooms‰Ûª,A new book takes readers on a tour through Winston Churchill‰Ûªs World War II headquarters in London.,[],http://ln.is,[]
FreePromo on Twitter,"‰ÛÏAmid Russia scrutiny, Trump associates received informal Ukraine policy proposal - Washington Post https://t.co/lOF0FLZwrA‰Û",[],https://twitter.com,[]
"Rohingya Face ‰Û÷Campaign of Terror‰Ûª in Myanmar, U.N. Finds","Hundreds have been killed and gang-raped and 90,000 forced from their homes, according to a report released by the United Nations high commissioner for human rights.",[],http://nyti.ms,[]
"Rohingya Face ‰Û÷Campaign of Terror‰Ûª in Myanmar, U.N. Finds","Hundreds have been killed and gang-raped and 90,000 forced from their homes, according to a report released by the United Nations high commissioner for human rights.",[],http://nyti.ms,[]
'Finding Dory' and 9 other family-friendly movies to check out this summer,"From ""Finding Dory"" to ""Kubo and the Two Strings,"" here is a look at 10 family-friendly movies scheduled to hit theaters this summer.",[],http://lat.ms,"['Tracy Brown', 'Kevin Crust']"
DOJ Warns Landlords About Conducting Criminal Background Checks on Would-Be Renters,"Although the Fair Housing Act does not forbid housing providers from considering applicants‰Ûª criminal records, the DOJ says ‰ÛÏcategorical prohibitions that do not consider when the conviction occurred, what the underlying conduct entailed, or what the convicted person has done since then run a substantial risk of having a disparate impact based on race or national origin.""",2016-10-19T09:09:52-04:00,http://fb.me,['Susan Jones']
@Acosta is a little Bitch. on Twitter,"‰ÛÏRasmussen: 82 Percent of Republicans, 54 Percent of Independents Back Trump‰Ûªs Refugee Moratorium https://t.co/bJvQoDYiRr‰Û",[],https://twitter.com,[]
California adopts first U.S. energy-saving rules for computers,California regulators on Wednesday adopted the nation's first mandatory energy efficiency rules for computers and monitors - devices that account for 3 percent of home electric bills and 7 percent of commercial power costs in the state.,2016-12-15T01:44:31+00:00,http://reut.rs,['Steve Gorman']
Opinion | The Big Companies That Avoid Taxes,"It‰Ûªs time to stop companies ‰ÛÓ like Amazon, Boeing and Coca-Cola ‰ÛÓ from damaging the economy by legally shirking taxes.",[],http://fb.me,[]
Russians‰Ûª attitude to United States shows improvement,"In recent months the average Russian has begun to think more favorably about the United States, with over half the participants in the latest polls saying they expect President-elect Donald Trump to further improve relations between the two nations.",[],https://www.rt.com,[]
Oilers fall short to Los Al,"<p>IRVINE ‰ÛÒ The girls' basketball season is barely a week old, but no one would be able to tell by the way that two bitter Sunset League rivals went at it",[],http://dlvr.it,['Andrew Turner']
Crescent Moon to Pass 3 Planets in One Week,November to be an amazing month for stargazers,2016-11-02T13:39:04-05:00,http://ift.tt,[]
'CELEBRITY IDIOT:' Twitter conservatives rage after Kelly Clarkson calls Hillary Clinton a 'badass',"Country music phenom Kelly Clarkson expressed support for Hillary Clinton‰Ûªs presidential candidacy this week, prompting a backlash from conservative fans. In an interview with Rolling Stone, a reporter asked Clarkson, ‰ÛÏSpeaking of presidents, the election is starting to get in gear. Do you like any of the candidates?‰Û The pop star replied, ‰ÛÏI‰Ûªm a fan of Hillary. She‰Ûªs badass. I don‰Ûªt just want a woman to win, I want the right person. And I think ‰Û_",2015-05-26T10:30:26-04:00,http://www.rawstory.com,"['About The Author', 'Joan Shipps']"
_¥__„Û_____ü_«_µ___ü_µ-2017 _À„Û_____«_µ„â __ ___ü_µ___µ,"_Ï_µ_¦_«„Ä___¡„Û___«__„Ü__ _À_µ„_µ____„Ü__ _¼_____¼„Ä„Û„ ""_¥__„Û_____ü_«_µ___ü_µ"" _À„Û_____«_µ„â __ ___ü_µ___µ. ___± „„â____ ___¡ _À„Û_µ„„-_¼____„ã_µ„Û_µ__„ _ü_ü ___±„_„___ü_È _À„Û_µ_á_ü_«_µ__„â __¢___£ _Ñ„Ä„Û_¡_± __È_¡„_¡___ü„.",[],http://bbc.in,[]
_¥__„Û_____ü_«_µ___ü_µ-2017 _À„Û_____«_µ„â __ ___ü_µ___µ,"_Ï_µ_¦_«„Ä___¡„Û___«__„Ü__ _À_µ„_µ____„Ü__ _¼_____¼„Ä„Û„ ""_¥__„Û_____ü_«_µ___ü_µ"" _À„Û_____«_µ„â __ ___ü_µ___µ. ___± „„â____ ___¡ _À„Û_µ„„-_¼____„ã_µ„Û_µ__„ _ü_ü ___±„_„___ü_È _À„Û_µ_á_ü_«_µ__„â __¢___£ _Ñ„Ä„Û_¡_± __È_¡„_¡___ü„.",[],http://bbc.in,[]
Experts Concerned Megaquake Will Soon Strike the Nation as Blood Saturates Entire Islamic Town! (Video) | Prophecy,Did you know that Oklahoma was just hit by the largest earthquake ever recorded in the history of the state? And did you know that Oklahoma absolutely shattered their yearly record for earthquakes in 2015 and may break it again this year? According...,[],http://beforeitsnews.com,['Lyn Leahz']
"At Least 38 Dead, 150 Wounded in Istanbul","Two apparent suicide bombers, including one driving an explosives-laden truck, set off blasts outside a major soccer stadium in Istanbul on Saturday night, killing at least 38...",[],http://ln.is,"['Link Shared By', 'Utku Yildirim']"
Detienen a Cupido comprando burundanga en el mercado negro,Visita la entrada para saber mÌÁs,2017-02-14T19:16:05+00:00,http://fb.me,['Kike Garc A']
Detienen a Cupido comprando burundanga en el mercado negro,Visita la entrada para saber mÌÁs,2017-02-14T19:16:05+00:00,http://fb.me,['Kike Garc A']
"For your retirement planning, count on living until age 95","If you knew your date of death, retirement planning would be a breeze. Does your nest egg need to last 20 years? 30 years? 40 years? And what about couples? Here's some help for retirement planning.",[],http://buff.ly,"['Published A M Et Oct', 'Robert Powell', 'Special For Usa Today']"
SoftBank Builds Fortress for the Future,SoftBank‰Ûªs $3.3 billion purchase of Fortress Investment gives the company‰Ûªs new venture fund an instant platform for investing.,[],https://www.wsj.com,"['Jacky Wong Wsj Com', 'Jacky Wong']"
Somini Sengupta on Twitter,"‰ÛÏMeanwhile, a famine in SouthSudan that didn't have to happen. https://t.co/wDo8oXUyOg‰Û",[],https://twitter.com,[]
Siapakah Alicia Machado yang mengaku diolok 'Miss Piggy' oleh Trump?,Seorang mantan ratu kecantikan menjadi topik dalam debat pertama calon presiden Amerika Serikat dari Partai Republik Donald Trump dan Partai Demokrat Hillary Clinton. Alicia Machado pernah mengaku diolok 'Miss Piggy' oleh Trump.,[],http://dlvr.it,[]
Katy Waldman‰Ûªs 10 Favorite Books of 2016,Slate‰Ûªs Best Books of 2016 coverage: Monday: Laura Miller‰Ûªs favorite books of the year. Tuesday: The best comics and the best book jackets of the year. ...,[],http://dlvr.it,['Katy Waldman']
Why Glenn Beck Really Hates Steve Bannon,The Blaze founder has become an unlikely voice of reason on the right. But what‰Ûªs really behind his grudge with Donald Trump‰Ûªs new chief strategist?,2016-11-15T06:00:00+00:00,http://ow.ly,['Matt Wilstein']
BREAKING: Top Trump Adviser Drops Bombshell... Wednesday Is the END of Hillary's Campaign,Will Wednesday be the end?,2016-10-06T00:00:00,http://conservativetribune.com,"['Will Racke', 'Rebekah Baker', 'Ben Marquis', 'Cillian Zeal', 'Benjamin Arie', 'Rob Shimshock']"
How we built machines that can think for themselves,"The computers we have built are now capable of thinking for themselves, and doing complex jobs without our supervision. Where does it go from here?",[],http://ow.ly,[]
Refugee: Rape not crime because OK in homeland,(London Daily Mail) A refugee who raped a ten-year-old boy has claimed he did not know sexually assaulting the child was wrong as it was ‰Û÷culturally acceptable‰Ûª in his homeland. Mufiz Rahaman told Sydney‰Ûªs Downing Centre Court raping children was not seen as morally wrong in his native Myanmar when he pleaded guilty to the [‰Û_],[],http://bit.ly,[]
Donald Trump's Rumored Game Plan For The Debate Is Making Some VERY Nervous,"The second presidential debate is tonight. In some ways, I think it'll be more interesting than the first. (I actually found the first debate a bit...underwhelming.)    Trump'såÊall warmed up. I'm sure he's taken the advice of",2016-10-09T11:15:43+00:00,http://fb.me,['Hannah Bleau']
"WATCH: Punk Tries to Ruin Concert for Vets, So Luke Bryan PUNCHES Him From Stage",Hard to blame him ...,2016-12-06T00:00:00,http://conservativetribune.com,"['Will Racke', 'Rebekah Baker', 'Ben Marquis', 'Cillian Zeal', 'C E', 'Benjamin Arie', 'Rob Shimshock']"
"ˆ_àˆ_âˆ_Ùˆ_¡ˆ_¬ˆ´àˆ_Ù ˆ__ˆ__ˆ´àˆ_Ñˆ__, ˆ__ˆ__ˆ´Û ˆ__ˆ´Ü ˆ_àˆ_âˆ_Áˆ_Àˆ_øˆ__ ˆ_Áˆ_Àˆ_Ïˆ_Àˆ_Ùˆ__ ˆ_Âˆ_¬ˆ´àˆ_Ñˆ__",ˆ_¬ˆ´Üˆ_Ùˆ_Âˆ_âˆ__ˆ´Û ˆ_¥ˆ´à ˆ__ˆ´Îˆ_¡ ˆ_¨ˆ´àˆ_â ˆ_Áˆ_Àˆ_Ïˆ_Àˆ_Ùˆ__ ˆ_Âˆ_¬ˆ_¬ˆ´à ˆ_¥ˆ´Û ˆ_üˆ__ˆ__ˆ__ ˆ__ˆ´Û ˆ_Ïˆ__ ˆ_¡ˆ__ˆ´Û ˆ__ˆ´ö. ˆ__ˆ´àˆ_¥ˆ_Àˆ_¬ ˆ__ˆ__ˆ_¡ˆ__ ˆ_¨ˆ´àˆ_â ˆ_àˆ_âˆ_Ùˆ_¡ˆ_¬ˆ´àˆ_Ù ˆ_¥ˆ´Û ˆ_üˆ´ˆ_»ˆ´Ûˆ_Á ˆ_¥ˆ__ ˆ_¥ˆ´ˆ_øˆ__ ˆ__ˆ__ˆ__ ˆ__ˆ´ö?,[],http://www.bbc.com,[]
Samsung raided in Park corruption probe,Prosecutors have raided Samsung and the national pension fund as part of a corruption probe.,[],http://www.bbc.com,[]
"Finally, a robot crib from Yves Behar | Science and Technology","Yves Behar, designer of many round-edged objects, has at last turned his attention to the piece of furniture rated ‰ÛÏmost restful‰Û by babies: the crib. His robotic, Wi-Fi enabled creation, called Snoo, also puts to rest the classic ‰ÛÏwhat‰Ûªs snoo with...",[],http://beforeitsnews.com,['Crunch Gear']
"Sorry, I gotta get this off of my chest.","Anybody who knows me knows that I‰Ûªm not easily offended. Part of it is past job and sports decisions I‰Ûªve made. If you‰Ûªre a standup comic and you can‰Ûªt take occasional taunts and heckling, you‰Ûªre in the wrong business. I had a drunk charge the...",[],http://fb.me,"['Backgroundurl Avatar_large', 'Nickname Joined', 'Created_at Story Count N_stories Comment Count N_comments Popular Tags Showtags Popular_tags Each Badges Badgeurl Each Authorsig User_sig']"
Eight people 'as rich as poorest half',Oxfam research finds the eight richest billionaires have as much wealth as 3.6 billion people combined.,[],http://fb.me,"['Business Reporter', 'Bbc News', 'In Davos', 'Katie Hope']"
Rob Lowe says players who boycott national anthem on 9/11 should stay in locker room,Colin Kaepernick‰Ûªs protest against the national anthemåÊhas sparked an ongoing debateåÊabout the obligation of players to stand ‰ÛÓ or not stand ‰ÛÓ during the anthem. Many players have‰Û_,2016-09-11T13:36:04+00:00,http://fb.me,"['Nick Schwartz', 'Alysha Tsuji', 'Luke Kerr-dineen', 'Andrew Joseph', ""Luke Kerr-dineen Is A Writer Editor At Ftw Who Likes All Sports But Especially Golf Soccer An Anglo-american Whose Life Goal Is To Be A Narrator On 'drunk History'""]"
"‰Û÷Hard to get inside Mosul, over 1mn people still trapped amid op‰Ûª ‰ÛÒ Oxfam representative to RT","Humanitarian organizations face serious difficulties in delivering aid to people inside Iraq‰Ûªs Mosul amid the US-backed operation against Islamic State, Oxfam spokesman who returned from Iraq told RT. Over 1 million people are still trapped in the city.",[],https://goo.gl,[]
WATCH: Bill Maher HAMMERS Trump In Final Plea To Voters On Fallon,Bill Maher made an appearance on The Tonight Show with Jimmy Fallon and made sure everyone knows exactly who Donald trump is and why we shouldn't vote for him.,[],http://fb.me,['Stephen D Foster Jr']
_Á_ü„Û_ü„: „___µ„Û„â___ü_¼ ___á__„Û___¡_È „_µ_±„ ___¡ _¼„Ä„Û_«„_¼____ „___¡_«„Î_±_µ,_Ù__ ___µ__„Î„ö_µ__ ___µ„Û_µ 30 „à_µ_È_____µ_¼ _À_____ü_±_È_ü __„â ___¡_À_¡_«_µ___ü„ „___µ„Û„â___ü_¼_¡ ___¡ „___¡_«„Î_±_µ _¼„Ä„Û_«____ __ „_µ___µ„Û__-____„„â__„à______ _Á_ü„Û_ü_ü.,[],http://bbc.in,[]
Restoring Free Speech: The Trump Effect,"Restoring Free Speech: The Trump Effect, Trump has Americans, exercising their Constitutional right to express their religious and political views, Leftists, spewing hate against Jesus, Christians, Republicans, Conservatives (black and white), white people and police",[],http://canadafreepress.com,"['Lloyd Marcus', 'Because Without America There Is No Free World']"
Opinion | The Senate Bathroom Angle,"We are sorely in need of some cheerful news out of Washington, so I‰Ûªm going to tell you Barbara Mikulski‰Ûªs story.",2016-12-22T00:00:00,http://www.nytimes.com,[]
"_Á_¬_ _À„Û__„„„â _Ê__„„_ü„_ ___µ „Û_¡_á___µ„ä_¡„â„Î _Á-400 _ü ""_÷„_¼_¡___«_µ„Û„Ü"" __ ___¡_È_ü___ü____„Û_¡_«_µ","_Ò__„_«_µ_À_¡„Û„â_¡___µ__„â _Á_¬_ _À„Û_ü_á„Ü___¡_µ„â _Ê__„„_ü„_ ___µ „Û_¡_á___µ„ä_¡„â„Î „Û_¡_¼_µ„â__„Ü_µ _¼_____À_È_µ_¼„„Ü ""_÷„_¼_¡___«_µ„Û"" _ü _Á-400 __ ___¡_È_ü___ü____„Û_¡_«„_¼____ ___±_È_¡„„â_ü, „â_¡_¼ _¼_¡_¼ „„â__ _«_µ„„â_¡_±_ü_È_ü_á_ü„Û„Ä_µ„â _µ__„Û___À_µ__„_¼„Ä„_ _±_µ_á___À_¡„____„„â„Î.",[],http://www.bbc.com,[]
Canadian Judge Suspended for Make America Great Again Hat,"A Canadian judge in Hamilton, Ontario, has been suspended after wearing a Donald Trump hat on the day after Trump‰Ûªs victory in the US presidential election. The judge, Bernd Zabel, reportedly made explicit pro-Trump comments in court. Both actions violate a judge‰Ûªs obligation to be politically neutral.",[],http://snip.ly,[]
The Every Student Succeeds Act will Fail - The Boston Globe,"Across the country, schools and school districts have begun to implement the Every Student Succeeds Act of 2015. The law is the latest reauthorization of the Elementary and Secondary Education Act, first passed in 1965.",2016-10-09T04:00:00,http://buff.ly,['James Nehring']
"Opinion | I didn‰Ûªt think I‰Ûªd ever leave the CIA. But because of Trump, I quit.",The administration‰Ûªs disregard for the intelligence community makes it impossible to serve Trump in good faith.,[],http://ln.is,[]
"While People Flip Over Trump's ""Grab 'Em by the P****,"" Video Surfaces of Bill Clinton Groping Woman",Another &quot;October surprise.&quot;,[],http://ln.is,['Link Shared By']
D.C. Police Will NOT Be Allowed To Have Their Body Cameras On While Monitoring Inaugural Protests,"According to this, D.C. police officers will notåÊbe allowed toåÊkeep their body cameras on during the inaugural festivities in the nation's capital Friday. They'll only be able to turn the cameras on in the event",2017-01-17T14:43:26+00:00,http://fb.me,['Hannah Bleau']
"Confirmed: Mainstream Media Guilty of Treason, Crimes Against Humanity---Major Cover-ups Continue! | Alternative",THE MILLENNIUM REPORT: Reporting the Most Important News in the World Today. MAINSTREAM MEDIA: The True Enemy Of The People MSM Guilty of Multiple Ongoing Cover-ups of Major Government and Corporate Crimes * 9/11 VERDICT:åÊMainstream MediaåÊGuilty Of...,[],http://continue.beforeitsnews.com,['Millennium Reporter']
BUG MIR on Twitter,‰ÛÏIMPORTANTE sviluppo: Russia per distribuire ZRPK per sparare giÌ_ aeronautica degli Stati Uniti in Siria- https://t.co/tz7Fw87CJ9 https://t.co/OoEh6sDu2B‰Û,[],https://twitter.com,[]
Giuliani downplays James Comey replacement talk,"(Washington Times) Former New York City Mayor Rudolph Giuliani on Friday downplayed rumors that he could eventually replace FBI Director James B. Comey, saying his plan is to stay in the private sector. ‰ÛÏThere [will] be a lot of speculation. ‰Û_ I‰Ûªll let you know if I change my mind, but I haven‰Ûªt changed it,‰Û [‰Û_]",[],http://fb.me,[]